LegalAddress,Coordinates
"115598, ГОРОД МОСКВА, УЛИЦА ЛИПЕЦКАЯ, 15, 2","(('37.688782'), ('55.581062'))"
"121615, город Москва, Рублевское шоссе, дом 24, корпус 3","(('37.428935'), ('55.745129'))"
"123181, ГОРОД МОСКВА, УЛИЦА ИСАКОВСКОГО, 29, 1","(('37.41944'), ('55.806803'))"
"121354, город Москва, Можайское ш., д.38, корп.7","(('37.411535'), ('55.721021'))"
"117279, ГОРОД МОСКВА, УЛИЦА ВВЕДЕНСКОГО, 28","(('37.532331'), ('55.636361'))"
"111141, г. Москва, ул. Перовская, д. 37.","(('37.778218'), ('55.746669'))"
"109462, ГОРОД МОСКВА, ПРОСПЕКТ ВОЛГОГРАДСКИЙ, ДОМ 66, КОРПУС 4","(('37.756919'), ('55.704448'))"
"115569, ГОРОД МОСКВА, ПРОЕЗД ШИПИЛОВСКИЙ, ДОМ 37, КОРПУС 2","(('37.697855'), ('55.613758'))"
"город Москва, Митинская улица, дом 48, корпус 2","(('37.357744'), ('55.850787'))"
"107150, г. Москва, ул. Лосиноостровская, д. 22А","(('37.709892'), ('55.825376'))"
"119361, г. Москва, ул. Большая Очаковская, д. 25","(('37.453504'), ('55.680047'))"
"117463, ГОРОД МОСКВА, ПРОЕЗД КАРАМЗИНА, ДОМ 13, КОРПУС 3","(('37.540389'), ('55.592088'))"
"125480, ГОРОД МОСКВА, УЛИЦА ВИЛИСА ЛАЦИСА, 33, 2","(('37.410097'), ('55.858594'))"
"107014, г. Москва, ул. Большая Оленья, д. 3","(('37.688135'), ('55.803767'))"
"105425, ГОРОД МОСКВА, УЛИЦА ПАРКОВАЯ 5-Я, ДОМ 51, ПОМ/ЭТ/КОМ №II/1/2-4,6-8","(('37.617644'), ('55.755819'))"
"129085, ГОРОД МОСКВА, ПРОСПЕКТ МИРА, 87","(('37.635107'), ('55.803646'))"
"123098, ГОРОД МОСКВА, УЛИЦА ГАМАЛЕИ, ДОМ 17, КОРПУС 1","(('37.457124'), ('55.8002'))"
"109652, ГОРОД МОСКВА, УЛИЦА ЛЮБЛИНСКАЯ, 173А","(('37.74869'), ('55.647676'))"
"117570, ГОРОД МОСКВА, УЛИЦА ДНЕПРОПЕТРОВСКАЯ, 33А","(('37.585377'), ('55.616778'))"
"119618, ГОРОД МОСКВА, УЛИЦА ГЛАВМОССТРОЯ, 28","(('37.40654'), ('55.65754'))"
"121614, ГОРОД МОСКВА, УЛИЦА КРЫЛАТСКИЕ ХОЛМЫ, 45, 2","(('37.413709'), ('55.762166'))"
"115035, ГОРОД МОСКВА, ПЕРЕУЛОК 1-Й КАДАШЁВСКИЙ, 3, СТР.1","(('37.621462'), ('55.744216'))"
"117292, ГОРОД МОСКВА, УЛИЦА КЕДРОВА, ДОМ 11","(('37.574327'), ('55.685092'))"
"108804, ГОРОД МОСКВА, ПОСЕЛЕНИЕ КОКОШКИНО, ДАЧНЫЙ ПОСЕЛОК КОКОШКИНО, УЛИЦА ДАЧНАЯ, ДОМ 3А","(('37.160797'), ('55.597821'))"
"107014, ГОРОД МОСКВА, УЛИЦА БАРБОЛИНА, ДОМ 1","(('37.684775'), ('55.789775'))"
"123592, Москва, ул. Маршала Катукова, д. 12, корп.3","(('37.402749'), ('55.807319'))"
"123060, ГОРОД МОСКВА, УЛИЦА МАРШАЛА РЫБАЛКО, ДОМ 14","(('37.487173'), ('55.799138'))"
"124617, г. Москва, г. Зеленоград, корпус 1469","(('37.155614'), ('55.987442'))"
"124482, ГОРОД МОСКВА, ГОРОД ЗЕЛЕНОГРАД, УЛИЦА --------, 142","(('37.211911'), ('56.005873'))"
"115582, ГОРОД МОСКВА, ШОССЕ КАШИРСКОЕ, 116, 3","(('37.714815'), ('55.606761'))"
"123001, ГОРОД МОСКВА, ПЕРЕУЛОК ВСПОЛЬНЫЙ, 6, СТР.3","(('37.588808'), ('55.760292'))"
"117513, ГОРОД МОСКВА, УЛИЦА АКАДЕМИКА БАКУЛЕВА, 20","(('37.47571'), ('55.640472'))"
"127411, ГОРОД МОСКВА, УЛИЦА СОФЬИ КОВАЛЕВСКОЙ, ДОМ 8 А","(('37.53437'), ('55.88249'))"
"117148, ГОРОД МОСКВА, УЛИЦА МАРШАЛА САВИЦКОГО, ДОМ 6, КОРПУС 4","(('37.57899'), ('55.50338'))"
"115522, ГОРОД МОСКВА, УЛИЦА КАНТЕМИРОВСКАЯ, 22, 6","(('37.659982'), ('55.642225'))"
"105005, ГОРОД МОСКВА, ПЕРЕУЛОК ЛЕФОРТОВСКИЙ, ДОМ 10","(('37.677975'), ('55.769276'))"
"117405, ГОРОД МОСКВА, ШОССЕ ВАРШАВСКОЕ, 156Б","(('37.595168'), ('55.587687'))"
"119501, город Москва, улица Веерная, дом 5, корпус 3","(('37.474731'), ('55.706548'))"
"117587, ГОРОД МОСКВА, УЛИЦА КИРОВОГРАДСКАЯ, 18, 4","(('37.601268'), ('55.61781'))"
"125363, ГОРОД МОСКВА, УЛИЦА ШТУРВАЛЬНАЯ, ДОМ 7, КОРПУС 2","(('37.444027'), ('55.848316'))"
"119019, ГОРОД МОСКВА, ПЕРЕУЛОК ЗНАМЕНСКИЙ М., ДОМ 7/10, КОРПУС 5","(('37.604987'), ('55.74862'))"
"115114, ГОРОД МОСКВА, УЛИЦА ДЕРБЕНЕВСКАЯ, 13","(('37.649094'), ('55.721052'))"
"115477, ГОРОД МОСКВА, БУЛЬВАР КАВКАЗСКИЙ, 16, 2","(('37.665497'), ('55.633419'))"
"127051, ГОРОД МОСКВА, УЛИЦА ТРУБНАЯ, 36","(('37.625936'), ('55.772542'))"
"119602, ГОРОД МОСКВА, УЛИЦА НИКУЛИНСКАЯ, ДОМ 10","(('37.465011'), ('55.668935'))"
"125475, ГОРОД МОСКВА, УЛИЦА КЛИНСКАЯ, 22","(('37.490676'), ('55.871299'))"
"117216, ГОРОД МОСКВА, БУЛЬВАР ДМИТРИЯ ДОНСКОГО, ДОМ 14А","(('37.570608'), ('55.565376'))"
"109469, ГОРОД МОСКВА, УЛИЦА БЕЛОРЕЧЕНСКАЯ, ДОМ 36, КОРПУС 1","(('37.776278'), ('55.660546'))"
"119634, ГОРОД МОСКВА, УЛИЦА ШОЛОХОВА, 9","(('37.347665'), ('55.638866'))"
"117638, г. Москва, проспект Нахимовский, дом 6","(('37.609272'), ('55.664827'))"
"124575, ГОРОД МОСКВА, ГОРОД ЗЕЛЕНОГРАД, КОРПУС 921А","(('37.186138'), ('55.984562'))"
"109145, ГОРОД МОСКВА, УЛИЦА ПРОНСКАЯ, 4, 1","(('37.84534'), ('55.701506'))"
"123592, ГОРОД МОСКВА, УЛИЦА КУЛАКОВА, ДОМ 12, КОРП 2","(('37.394871'), ('55.810395'))"
"109469, ГОРОД МОСКВА, УЛИЦА БЕЛОРЕЧЕНСКАЯ, 47, 1","(('37.776637'), ('55.662288'))"
"123007, ГОРОД МОСКВА, ШОССЕ ХОРОШЁВСКОЕ, 3","(('37.54241'), ('55.773601'))"
"111141, ГОРОД МОСКВА, УЛИЦА ПЕРОВСКАЯ, 44А","(('37.782135'), ('55.743198'))"
"123423, ГОРОД МОСКВА, УЛИЦА МАРШАЛА ТУХАЧЕВСКОГО, 17, 3","(('37.48384'), ('55.780507'))"
"127254,  г.  Москва,  улица  Яблочкова, дом 10","(('37.582412'), ('55.817426'))"
"117647, ГОРОД МОСКВА, УЛИЦА АКАДЕМИКА КАПИЦЫ, ДОМ 12","(('37.522531'), ('55.628977'))"
"117546, ГОРОД МОСКВА, ПРОЕЗД ХАРЬКОВСКИЙ, ДОМ 9Б","(('37.640084'), ('55.59163'))"
"125635, ГОРОД МОСКВА, УЛИЦА АНГАРСКАЯ, 22А","(('37.519234'), ('55.87438'))"
"125412, ГОРОД МОСКВА, ШОССЕ КОРОВИНСКОЕ, ДОМ 24А","(('37.521857'), ('55.882177'))"
"111675, ГОРОД МОСКВА, УЛИЦА ДМИТРИЕВСКОГО, ДОМ 13","(('37.89084'), ('55.710093'))"
"115612, ГОРОД МОСКВА, УЛИЦА БРАТЕЕВСКАЯ, ДОМ 8, КОРПУС 2","(('37.759282'), ('55.631346'))"
"119192, ГОРОД МОСКВА, ПРОСПЕКТ МИЧУРИНСКИЙ, 5, 1","(('37.512658'), ('55.7025'))"
"101000, ГОРОД МОСКВА, ПЕРЕУЛОК УЛАНСКИЙ, ДОМ 8","(('37.637928'), ('55.767914'))"
"109651, г.  Москва, Батайский пр., д. 21","(('37.718732'), ('55.643292'))"
"109125, ГОРОД МОСКВА, УЛИЦА ВАСИЛЬЦОВСКИЙ СТАН, 6","(('37.752176'), ('55.714653'))"
"107143, ГОРОД МОСКВА, ШОССЕ ОТКРЫТОЕ, 23А","(('37.752957'), ('55.827095'))"
"117534, г. Москва, ул. Кировоградская, д. 42, корпус 2","(('37.593938'), ('55.599591'))"
"107065, ГОРОД МОСКВА, УЛИЦА УССУРИЙСКАЯ, ДОМ 12","(('37.817843'), ('55.822084'))"
"119333, ГОРОД МОСКВА, УЛИЦА ФОТИЕВОЙ, 14, 1","(('37.558275'), ('55.699071'))"
"127018, ГОРОД МОСКВА, УЛИЦА ДВИНЦЕВ, ДОМ 10","(('37.60081'), ('55.795555'))"
"125222, ГОРОД МОСКВА, УЛИЦА РОСЛОВКА, 8","(('37.360466'), ('55.830255'))"
"109369, ГОРОД МОСКВА, УЛИЦА ПЕРЕРВА, 44","(('37.735575'), ('55.651521'))"
"117639, ГОРОД МОСКВА, ПРОСПЕКТ БАЛАКЛАВСКИЙ, 6А","(('37.613072'), ('55.641534'))"
"111402, ГОРОД МОСКВА, АЛЛЕЯ ЖЕМЧУГОВОЙ, ДОМ 7","(('37.827257'), ('55.732945'))"
"117623, ГОРОД МОСКВА, УЛИЦА ДЖАНКОЙСКАЯ, 7","(('37.577831'), ('55.540536'))"
"127247, ГОРОД МОСКВА, ПРОЕЗД БЕСКУДНИКОВСКИЙ, ДОМ 4Б","(('37.555463'), ('55.875203'))"
"121433, ГОРОД МОСКВА, УЛИЦА ФИЛЁВСКАЯ М., 26, 2","(('37.462694'), ('55.736265'))"
"124536, г. Москва, г. Зеленоград, корп. 529","(('37.255327'), ('55.990061'))"
"125239, ГОРОД МОСКВА, УЛИЦА НОВОПЕТРОВСКАЯ, 1А","(('37.519234'), ('55.827666'))"
"111674, ГОРОД МОСКВА, УЛИЦА 2-Я ВОЛЬСКАЯ, ДОМ 7, КОРПУС 2","(('37.923116'), ('55.688126'))"
"125364, ГОРОД МОСКВА, УЛИЦА СВОБОДЫ, 42, 2","(('37.456037'), ('55.846643'))"
"127221, ГОРОД МОСКВА, ПРОЕЗД ШОКАЛЬСКОГО, 7, 2","(('37.642896'), ('55.874511'))"
"125480, ГОРОД МОСКВА, УЛИЦА ПЛАНЕРНАЯ, 5, 2","(('37.431468'), ('55.860438'))"
"108820, ГОРОД МОСКВА, ПОСЕЛЕНИЕ МОСРЕНТГЕН, ПОСЕЛОК ЗАВОДА МОСРЕНТГЕН, ДОМ 38","(('37.476429'), ('55.620581'))"
"107045, ГОРОД МОСКВА, УЛИЦА СРЕТЕНКА, ДОМ 20","(('37.632952'), ('55.76917'))"
"119192, ГОРОД МОСКВА, ПРОСПЕКТ МИЧУРИНСКИЙ, ДОМ 15, КОРПУС 2","(('37.509083'), ('55.698224'))"
"109117, ГОРОД МОСКВА, УЛИЦА ОКСКАЯ, ДОМ 16, КОРПУС 3","(('37.757278'), ('55.710854'))"
"125481, ГОРОД МОСКВА, УЛИЦА ФОМИЧЁВОЙ, 1, 1","(('37.446892'), ('55.857462'))"
"111673, ГОРОД МОСКВА, УЛИЦА СУЗДАЛЬСКАЯ, 24Б","(('37.859623'), ('55.742149'))"
"108830, ГОРОД МОСКВА, ПОСЕЛЕНИЕ ВОРОНОВСКОЕ, ПОСЕЛОК ЛМС, МИКРОРАЙОН ЦЕНТРАЛЬНЫЙ, ДОМ 34, СТРОЕНИЕ 3","(('37.181656'), ('55.313926'))"
"125009, г. Москва, ул. Большая Дмитровка, д. 5/6, стр. 7","(('37.614734'), ('55.759653'))"
"127276, ГОРОД МОСКВА, УЛИЦА МАРФИНСКАЯ Б., 1, 5","(('37.592087'), ('55.827808'))"
"119619, ГОРОД МОСКВА, УЛИЦА НАРО-ФОМИНСКАЯ, 1","(('37.390604'), ('55.657738'))"
"117628, ГОРОД МОСКВА, УЛИЦА РАТНАЯ, 6Б","(('37.586706'), ('55.573953'))"
"105066, ГОРОД МОСКВА, ПРОЕЗД ЕЛОХОВСКИЙ, 1, СТР 5","(('37.672666'), ('55.773003'))"
"125362, ГОРОД МОСКВА, УЛИЦА БОЛЬШАЯ НАБЕРЕЖНАЯ, 23","(('37.459352'), ('55.833097'))"
"129301, ГОРОД МОСКВА, УЛИЦА ЯРОСЛАВСКАЯ, ДОМ 27","(('37.653137'), ('55.827408'))"
"129337, ГОРОД МОСКВА, ШОССЕ ЯРОСЛАВСКОЕ, ДОМ 8, КОРПУС 7","(('37.688252'), ('55.851444'))"
"119333, ГОРОД МОСКВА, УЛ. ФОТИЕВОЙ, Д. 18","(('37.556442'), ('55.697985'))"
"127474, ГОРОД МОСКВА, УЛИЦА ДУБНИНСКАЯ, 41","(('37.561437'), ('55.868263'))"
"127220, ГОРОД МОСКВА, УЛИЦА ПИСЦОВАЯ, 7А","(('37.574408'), ('55.797291'))"
"121354, ГОРОД МОСКВА, УЛИЦА ДОРОГОБУЖСКАЯ, 13","(('37.41599'), ('55.716179'))"
"109240, ГОРОД МОСКВА, ПЕРЕУЛОК 1-Й КОТЕЛЬНИЧЕСКИЙ, ДОМ 5","(('37.646354'), ('55.743613'))"
"123592, ГОРОД МОСКВА, УЛИЦА КУЛАКОВА, ДОМ 25, КОРПУС 2","(('37.394934'), ('55.802305'))"
"123458, ГОРОД МОСКВА, УЛИЦА ТАЛЛИНСКАЯ, 16, 4","(('37.4008'), ('55.79681'))"
"123308, ГОРОД МОСКВА, УЛИЦА ЗОРГЕ, ДОМ 4","(('37.514212'), ('55.778866'))"
"119121, г. Москва, пер. Тружеников 1-ый, д. 18","(('37.571471'), ('55.737015'))"
"121351, ГОРОД МОСКВА, УЛИЦА ПОЛОЦКАЯ, ДОМ 21","(('37.423518'), ('55.732352'))"
"129128, г. Москва, ул. Ростокинская д.3","(('37.660727'), ('55.835432'))"
"127204, ГОРОД МОСКВА, ЛИНИЯ 9-Я СЕВЕРНАЯ, 1, 2","(('37.556316'), ('55.935113'))"
"125222, ГОРОД МОСКВА, УЛИЦА ДУБРАВНАЯ, 41, 3","(('37.36122'), ('55.841402'))"
"105425, ГОРОД МОСКВА, ШОССЕ ЩЁЛКОВСКОЕ, ДОМ 26, КОРПУС А","(('37.779584'), ('55.808083'))"
"111558, г. Москва, Федеративный просп., д. 27","(('37.820187'), ('55.754887'))"
"105484, ГОРОД МОСКВА, БУЛЬВАР СИРЕНЕВЫЙ, ДОМ 73, КОРПУС 3","(('37.827841'), ('55.80486'))"
"121096, ГОРОД МОСКВА, УЛИЦА КАСТАНАЕВСКАЯ, ДОМ 10","(('37.495725'), ('55.740446'))"
"117535, ГОРОД МОСКВА, УЛИЦА ДОРОЖНАЯ, 20А","(('37.620977'), ('55.602342'))"
"121352, ГОРОД МОСКВА, УЛИЦА ДАВЫДКОВСКАЯ, 2, 6","(('37.473698'), ('55.725559'))"
"115280, ГОРОД МОСКВА, ПРОЕЗД 1-Й КОЖУХОВСКИЙ, 17","(('37.663925'), ('55.70807'))"
"111401, ГОРОД МОСКВА, УЛИЦА ВЛАДИМИРСКАЯ 2-Я, 22А","(('37.779305'), ('55.755956'))"
"117393, ГОРОД МОСКВА, УЛИЦА АКАДЕМИКА ПИЛЮГИНА, 18, 1","(('37.534101'), ('55.669194'))"
"141431, ГОРОД МОСКВА, УЛИЦА СИНЯВИНСКАЯ, ДОМ 11, КОРПУС А","(('37.347036'), ('55.945685'))"
"111674, ГОРОД МОСКВА, ПРОСПЕКТ ЗАЩИТНИКОВ МОСКВЫ, 9, 2","(('37.918544'), ('55.701673'))"
"125466, ГОРОД МОСКВА, УЛИЦА ЛАНДЫШЕВАЯ, 8","(('37.392032'), ('55.886998'))"
"117624, ГОРОД МОСКВА, УЛИЦА ИЗЮМСКАЯ, ДОМ 35А","(('37.568929'), ('55.551731'))"
"119048, ГОРОД МОСКВА, УЛИЦА УСАЧЁВА, ДОМ 50","(('37.56494'), ('55.725808'))"
"111024 г. Москва, ул. Авиамоторная, д. 30а, корп.1","(('37.719342'), ('55.744667'))"
"127642, ГОРОД МОСКВА, УЛИЦА ЗАПОВЕДНАЯ, ДОМ 22","(('37.642653'), ('55.867465'))"
"121069, ГОРОД МОСКВА, УЛИЦА ПОВАРСКАЯ, 14","(('37.597226'), ('55.754137'))"
"115583, ГОРОД МОСКВА, УЛИЦА ЕЛЕЦКАЯ, ДОМ 12, КОРПУС 3","(('37.72917'), ('55.606848'))"
"109129, г. Москва, ул. Юных Ленинцев, д. 35, корп. 2","(('37.744648'), ('55.700781'))"
"127490, ГОРОД МОСКВА, УЛИЦА ПЕСТЕЛЯ, ДОМ 5","(('37.613494'), ('55.864439'))"
"117648, ГОРОД МОСКВА, МИКРОРАЙОН ЧЕРТАНОВО СЕВЕРНОЕ, КОРПУС 809","(('37.596579'), ('55.634857'))"
"119620, г. Москва, улица Авиаторов, дом 8, корпус 2","(('37.399973'), ('55.646584'))"
"119334, ГОРОД МОСКВА, ПРОСПЕКТ ЛЕНИНСКИЙ, 34, А","(('37.57484'), ('55.706741'))"
"109388, ГОРОД МОСКВА, УЛИЦА ГУРЬЯНОВА, ДОМ 71","(('37.720106'), ('55.677443'))"
"117405, ГОРОД МОСКВА, УЛИЦА ГАЗОПРОВОД, ДОМ 5А","(('37.605247'), ('55.591421'))"
"119602, ГОРОД МОСКВА, УЛИЦА МИЧУРИНСКИЙ ПРОСПЕКТ.ОЛИМПИЙСКАЯ ДЕРЕВНЯ, ДОМ 23","(('37.457996'), ('55.671113'))"
"127540, ГОРОД МОСКВА, ПРОЕЗД КЕРАМИЧЕСКИЙ, ДОМ 47А","(('37.566368'), ('55.872481'))"
"129327, ГОРОД МОСКВА, ПРОЕЗД ЧУКОТСКИЙ, 6","(('37.654044'), ('55.868198'))"
"124498, ГОРОД МОСКВА, ГОРОД ЗЕЛЕНОГРАД, АЛЛЕЯ БЕРЁЗОВАЯ, 8А","(('37.202524'), ('55.995282'))"
"125464, ГОРОД МОСКВА, ПРОЕЗД НОВОТУШИНСКИЙ, ДОМ 8, КОРПУС 2","(('37.381405'), ('55.839749'))"
"115093, ГОРОД МОСКВА, УЛИЦА ПАВЛОВСКАЯ, 8А","(('37.625657'), ('55.714333'))"
"115304, ГОРОД МОСКВА, УЛИЦА ЕРЕВАНСКАЯ, 20, 2","(('37.674067'), ('55.628789'))"
"107564, ГОРОД МОСКВА, УЛИЦА КРАСНОБОГАТЫРСКАЯ, 21А","(('37.701888'), ('55.812793'))"
"117216, ГОРОД МОСКВА, УЛИЦА ГРИНА, 18, Б","(('37.581604'), ('55.567306'))"
"129337, ГОРОД МОСКВА, УЛИЦА ФЕДОСКИНСКАЯ, 4","(('37.703748'), ('55.868773'))"
"125222, ГОРОД МОСКВА, УЛИЦА ПЕНЯГИНСКАЯ, ДОМ 14","(('37.359522'), ('55.836059'))"
"117149, г. Москва, ул. Азовская, дом 2, корпус 2","(('37.603918'), ('55.663639'))"
"108801, Г. МОСКВА, П. СОСЕНСКОЕ, П. КОММУНАРКА, УЛ. ЛИПОВЫЙ ПАРК, Д. 5А","(('37.493497'), ('55.567535'))"
"125466, ГОРОД МОСКВА, УЛИЦА ЮРОВСКАЯ, ДОМ 99","(('37.384972'), ('55.900486'))"
"105122, ГОРОД МОСКВА, УЛИЦА АМУРСКАЯ, ДОМ 6","(('37.759794'), ('55.80654'))"
"127081, ГОРОД МОСКВА, ПРОЕЗД ЯСНЫЙ, ДОМ 21","(('37.618282'), ('55.877607'))"
"119192, город Москва, улица Столетова, дом 3","(('37.504025'), ('55.703276'))"
"121357, ГОРОД МОСКВА, УЛИЦА КРЕМЕНЧУГСКАЯ, 46","(('37.456226'), ('55.712046'))"
"119607, ГОРОД МОСКВА, УЛИЦА РАМЕНКИ, 15, 1","(('37.500414'), ('55.690466'))"
"127486, ГОРОД МОСКВА, УЛИЦА ДЕГУНИНСКАЯ, ДОМ 18","(('37.534316'), ('55.867359'))"
"117041, ГОРОД МОСКВА, УЛИЦА АДМИРАЛА РУДНЕВА, ДОМ 16, КОРПУС 1","(('37.519243'), ('55.540501'))"
"124482, ГОРОД МОСКВА, ГОРОД ЗЕЛЕНОГРАД, УЛИЦА НЕТ, 314","(('37.22093'), ('55.99799'))"
"125565, г. Москва, Ленинградское ш., д.94А","(('37.473276'), ('55.856098'))"
"119027, ГОРОД МОСКВА, УЛИЦА ВНУКОВСКАЯ Б., 4","(('37.294727'), ('55.614251'))"
"127238, ГОРОД МОСКВА, ПРОЕЗД НИЖНЕЛИХОБОРСКИЙ 3-Й, ДОМ 6А","(('37.565452'), ('55.844036'))"
"125466, г. Москва, ул. Родионовская, д. 6/7","(('37.397665'), ('55.89449'))"
"125124, город Москва, улица Расковой, дом 20А, строение 1","(('37.573905'), ('55.787437'))"
"117403, ГОРОД МОСКВА, ПРОЕЗД ВОСТРЯКОВСКИЙ, 13А","(('37.645285'), ('55.577739'))"
"117041, ГОРОД МОСКВА, УЛИЦА АДМИРАЛА ЛАЗАРЕВА, 77","(('37.495294'), ('55.534591'))"
"111401, город Москва,улица 3-я Владимирская, дом 12 А","(('37.783644'), ('55.759527'))"
"129110, ГОРОД МОСКВА, ПЕРЕУЛОК ГЛИНИСТЫЙ, 7, СТР.1","(('37.637272'), ('55.787543'))"
"123056, ГОРОД МОСКВА, ПЕРЕУЛОК БОЛЬШОЙ КОНДРАТЬЕВСКИЙ, 3","(('37.582269'), ('55.772578'))"
"125565, ГОРОД МОСКВА, ПРОЕЗД КОНАКОВСКИЙ, 5","(('37.481154'), ('55.845895'))"
"127410, ГОРОД МОСКВА, ПРОЕЗД ПУТЕВОЙ, 10, А","(('37.580023'), ('55.87546'))"
"105043, ГОРОД МОСКВА, УЛИЦА ПЕРВОМАЙСКАЯ, ДОМ 65","(('37.795753'), ('55.793743'))"
"107143, ГОРОД МОСКВА, ШОССЕ ОТКРЫТОЕ, ДОМ 29А","(('37.761276'), ('55.829072'))"
"105215, ГОРОД МОСКВА, УЛИЦА ПАРКОВАЯ 11-Я, ДОМ 50","(('37.806317'), ('55.807319'))"
"107113, ГОРОД МОСКВА, УЛИЦА РУСАКОВСКАЯ, ДОМ 10","(('37.674705'), ('55.782471'))"
"125430, ГОРОД МОСКВА, ШОССЕ ПЯТНИЦКОЕ, ДОМ 21А","(('37.369754'), ('55.847083'))"
"117628, ГОРОД МОСКВА, УЛИЦА СТАРОКАЧАЛОВСКАЯ, 22","(('37.584685'), ('55.570472'))"
"124683, ГОРОД МОСКВА, ГОРОД ЗЕЛЕНОГРАД, КОРПУС 1816","(('37.16572'), ('55.982089'))"
"117485, ГОРОД МОСКВА, УЛИЦА ПРОФСОЮЗНАЯ, 96Б","(('37.525001'), ('55.64985'))"
"117198, ГОРОД МОСКВА, УЛИЦА САМОРЫ МАШЕЛА, ДОМ 6, КОРПУС 3","(('37.498653'), ('55.64605'))"
"127566, ГОРОД МОСКВА, БУЛЬВАР СЕВЕРНЫЙ, 1А","(('37.601546'), ('55.866723'))"
"109542, ГОРОД МОСКВА, ПРОСПЕКТ РЯЗАНСКИЙ, 82, 4","(('37.823745'), ('55.707588'))"
"123458, ГОРОД МОСКВА, УЛИЦА ТАЛЛИНСКАЯ, 20, 4","(('37.404869'), ('55.797063'))"
"109457, ГОРОД МОСКВА, УЛИЦА ЗЕЛЕНОДОЛЬСКАЯ, 32, 6","(('37.766818'), ('55.71163'))"
"127220, ГОРОД МОСКВА, УЛИЦА НИЖНЯЯ МАСЛОВКА, ДОМ 16","(('37.573474'), ('55.792301'))"
"125466, ГОРОД МОСКВА, УЛИЦА СОКОЛОВО-МЕЩЕРСКАЯ, ВЛ 27","(('37.382834'), ('55.903978'))"
"107589, ГОРОД МОСКВА, УЛИЦА ХАБАРОВСКАЯ, 18А","(('37.829521'), ('55.824582'))"
"127282, ГОРОД МОСКВА, УЛИЦА ШИРОКАЯ, 1А","(('37.650657'), ('55.889775'))"
"127591, ГОРОД МОСКВА, УЛИЦА 800-ЛЕТИЯ МОСКВЫ, 7А","(('37.561895'), ('55.881641'))"
"105568, ГОРОД МОСКВА, УЛИЦА ЧЕЧУЛИНА, ДОМ 28","(('37.836645'), ('55.781028'))"
"125445, ГОРОД МОСКВА, ПРОЕЗД ВАЛДАЙСКИЙ, 14","(('37.468515'), ('55.868187'))"
"105568, г. Москва, ул. Челябинская, дом 20","(('37.831165'), ('55.776912'))"
"123154, ГОРОД МОСКВА, УЛИЦА НАРОДНОГО ОПОЛЧЕНИЯ, 27, 2","(('37.477256'), ('55.780436'))"
"109341, ГОРОД МОСКВА, УЛИЦА БРАТИСЛАВСКАЯ, ДОМ 4","(('37.751314'), ('55.665203'))"
"117042, ГОРОД МОСКВА, УЛИЦА ГОРЧАКОВА, 9, 1","(('37.53278'), ('55.544754'))"
"115054, ГОРОД МОСКВА, ПЕРЕУЛОК 5-Й МОНЕТЧИКОВСКИЙ, 7","(('37.632089'), ('55.732038'))"
"108803, ГОРОД МОСКВА, ПОСЕЛЕНИЕ ВОСКРЕСЕНСКОЕ, ПОСЕЛОК ВОСКРЕСЕНСКОЕ, ДОМ 37А","(('37.457861'), ('55.522296'))"
"127576, ГОРОД МОСКВА, УЛИЦА НОВГОРОДСКАЯ, 8","(('37.581379'), ('55.893339'))"
"121552, ГОРОД МОСКВА, УЛИЦА ОРШАНСКАЯ, 10, 1","(('37.410583'), ('55.742939'))"
"111674, ГОРОД МОСКВА, УЛИЦА 1-Я ВОЛЬСКАЯ, ДОМ 9, КОРПУС 3","(('37.920781'), ('55.684356'))"
"117452, ГОРОД МОСКВА, БУЛЬВАР ЧЕРНОМОРСКИЙ, 6","(('37.614276'), ('55.646457'))"
"115408, г. Москва, ул. Борисовские пруды, д. 36, корп. 2","(('37.766172'), ('55.639933'))"
"117593, ГОРОД МОСКВА, БУЛЬВАР ЛИТОВСКИЙ, 17, 4","(('37.552696'), ('55.606044'))"
"129344, ГОРОД МОСКВА, УЛИЦА РАДУЖНАЯ, ДОМ 7","(('37.668435'), ('55.859266'))"
"117303, ГОРОД МОСКВА, УЛИЦА ОДЕССКАЯ, 16, 2","(('37.588575'), ('55.65656'))"
"109431, ГОРОД МОСКВА, БУЛЬВАР ЖУЛЕБИНСКИЙ, 38","(('37.847829'), ('55.683899'))"
"119633, ГОРОД МОСКВА, УЛИЦА НОВОПЕРЕДЕЛКИНСКАЯ, ДОМ 9, КОРПУС 1","(('37.363529'), ('55.63909'))"
"119454, ГОРОД МОСКВА, УЛИЦА ЛОБАЧЕВСКОГО, 54","(('37.492814'), ('55.672757'))"
"129343, г. Москва, пр-д Нансена, д.14","(('37.652041'), ('55.853653'))"
"123181, г. Москва, ул. Кулакова, д. 2, корп. 2","(('37.398473'), ('55.815787'))"
"121151, ГОРОД МОСКВА, ПРОСПЕКТ КУТУЗОВСКИЙ, 22, 1","(('37.549588'), ('55.746613'))"
"117393, ГОРОД МОСКВА, УЛИЦА ПРОФСОЮЗНАЯ, ДОМ 62","(('37.549642'), ('55.666929'))"
"123154, ГОРОД МОСКВА, УЛИЦА ГЕНЕРАЛА ГЛАГОЛЕВА, 10, 2","(('37.464589'), ('55.781185'))"
"119296, ГОРОД МОСКВА, ПРОСПЕКТ ЛОМОНОСОВСКИЙ, ДОМ 16","(('37.54374'), ('55.692338'))"
"125212, ГОРОД МОСКВА, ШОССЕ ЛЕНИНГРАДСКОЕ, 27","(('37.485197'), ('55.829704'))"
"129223, ГОРОД МОСКВА, ПРОСПЕКТ МИРА, 123","(('37.643381'), ('55.825032'))"
"127299, ГОРОД МОСКВА, УЛИЦА БОЛЬШАЯ АКАДЕМИЧЕСКАЯ, ДОМ 22А","(('37.529376'), ('55.822888'))"
"125080, ГОРОД МОСКВА, УЛИЦА ВРУБЕЛЯ, ДОМ 6","(('37.500612'), ('55.805523'))"
"125502, ГОРОД МОСКВА, УЛИЦА ПЕТРОЗАВОДСКАЯ, 19А","(('37.489796'), ('55.866081'))"
"119634, ГОРОД МОСКВА, УЛИЦА ШОЛОХОВА, 20","(('37.351078'), ('55.64099'))"
"127591, ГОРОД МОСКВА, ПРОЕЗД КЕРАМИЧЕСКИЙ, ДОМ 55, КОРПУС 3","(('37.562703'), ('55.877349'))"
"117335, ГОРОД МОСКВА, УЛИЦА АРХИТЕКТОРА ВЛАСОВА, 19 А","(('37.554376'), ('55.676849'))"
"127434, ГОРОД МОСКВА, ШОССЕ ДМИТРОВСКОЕ, 5А","(('37.575441'), ('55.812049'))"
"125319, ГОРОД МОСКВА, УЛИЦА 1-Я АЭРОПОРТОВСКАЯ, 1","(('37.535233'), ('55.800934'))"
"119330, ГОРОД МОСКВА, УЛИЦА ДРУЖБЫ, ДОМ 8","(('37.513556'), ('55.709272'))"
"125009, ГОРОД МОСКВА, ПЕРЕУЛОК ЛЕОНТЬЕВСКИЙ, 19/2, СТР.1","(('37.604906'), ('55.760631'))"
"115582, ГОРОД МОСКВА, УЛИЦА ДОМОДЕДОВСКАЯ, ДОМ 35, КОРПУС 2","(('37.717115'), ('55.601747'))"
"115404, ГОРОД МОСКВА, УЛИЦА ЭЛЕВАТОРНАЯ, ДОМ 4, КОРПУС 2","(('37.655616'), ('55.600501'))"
"119607, ГОРОД МОСКВА, ПРОСПЕКТ МИЧУРИНСКИЙ, 23","(('37.507035'), ('55.694124'))"
"124365, ГОРОД МОСКВА, ГОРОД ЗЕЛЕНОГРАД, КОРПУС 2312","(('37.191151'), ('55.967809'))"
"121351, ГОРОД МОСКВА, УЛИЦА ПАРТИЗАНСКАЯ, 30, 2 СТРОЕНИЕ 2","(('37.414176'), ('55.736397'))"
"127474, ГОРОД МОСКВА, УЛИЦА ДУБНИНСКАЯ, 7","(('37.566449'), ('55.857801'))"
"117624, ГОРОД МОСКВА, УЛИЦА ИЗЮМСКАЯ, 38, 1","(('37.563853'), ('55.548136'))"
"115470, ГОРОД МОСКВА, ПРОСПЕКТ АНДРОПОВА, 17, 5","(('37.668857'), ('55.682564'))"
"125252, ГОРОД МОСКВА, БУЛЬВАР ХОДЫНСКИЙ, ДОМ 7","(('37.531711'), ('55.784374'))"
"127572, ГОРОД МОСКВА, УЛИЦА НОВГОРОДСКАЯ, ДОМ 21А","(('37.577984'), ('55.900824'))"
"115172, ГОРОД МОСКВА, УЛИЦА НАРОДНАЯ, 11/2","(('37.652032'), ('55.737851'))"
"125599, ГОРОД МОСКВА, УЛИЦА БУСИНОВСКАЯ ГОРКА, ДОМ 7, КОРПУС 2","(('37.492455'), ('55.882394'))"
"117393, ГОРОД МОСКВА, УЛИЦА ГАРИБАЛЬДИ, 28, 3","(('37.549175'), ('55.669782'))"
"117420, ГОРОД МОСКВА, УЛИЦА НОВОЧЕРЁМУШКИНСКАЯ, 64, 2","(('37.559047'), ('55.664639'))"
"109377, г. Москва, ул. 1-я Новокузьминская, д.21","(('37.792411'), ('55.714389'))"
"125315, город Москва, Большой Коптевский проезд, дом 5","(('37.535215'), ('55.809884'))"
"109428, ГОРОД МОСКВА, УЛИЦА МАЁВОК, ДОМ 4","(('37.770034'), ('55.728368'))"
"125493, ГОРОД МОСКВА, УЛИЦА СМОЛЬНАЯ, ДОМ 25","(('37.494575'), ('55.849787'))"
"119034, ГОРОД МОСКВА, ПЕРЕУЛОК 2-Й ОБЫДЕНСКИЙ, 9","(('37.603226'), ('55.741586'))"
"125167, ГОРОД МОСКВА, ПРОЕЗД АЭРОПОРТА, 10","(('37.520914'), ('55.796385'))"
"109004, ГОРОД МОСКВА, ПЕРЕУЛОК ТОВАРИЩЕСКИЙ, 21","(('37.664833'), ('55.743796'))"
"119602, г. Москва, ул. Академика Анохина, д. 4, корп. 5","(('37.470743'), ('55.671539'))"
"108836, ГОРОД МОСКВА, ПОСЕЛЕНИЕ ДЕСЕНОВСКОЕ, УЛИЦА 3-Я НОВОВАТУТИНСКАЯ, ДОМ 13, КОРПУС 3","(('37.345239'), ('55.517184'))"
"121151, ГОРОД МОСКВА, ПРОЕЗД РЕЗЕРВНЫЙ, 10","(('37.550118'), ('55.74113'))"
"125009, ГОРОД МОСКВА, ТУПИК ХЛЫНОВСКИЙ, 3, 5","(('37.60249'), ('55.757992'))"
"119571, ГОРОД МОСКВА, ПРОСПЕКТ ВЕРНАДСКОГО, 127, 2","(('37.483616'), ('55.653101'))"
"125239, ГОРОД МОСКВА, УЛИЦА МИХАЛКОВСКАЯ, ДОМ 15А","(('37.525899'), ('55.839042'))"
"129075, ГОРОД МОСКВА, УЛИЦА АРГУНОВСКАЯ, 12, 2","(('37.621489'), ('55.81733'))"
"125047, ГОРОД МОСКВА, УЛИЦА 1-Я МИУССКАЯ, 4","(('37.596992'), ('55.779803'))"
"123423, ГОРОД МОСКВА, УЛИЦА НАРОДНОГО ОПОЛЧЕНИЯ, 16, 4","(('37.482214'), ('55.772846'))"
"119571, ГОРОД МОСКВА, УЛИЦА 26-ТИ БАКИНСКИХ КОМИССАРОВ, 3, 5","(('37.486077'), ('55.655884'))"
"115404, ГОРОД МОСКВА, УЛИЦА РЯЖСКАЯ, ДОМ 11","(('37.668004'), ('55.591126'))"
"124575, ГОРОД МОСКВА, ГОРОД ЗЕЛЕНОГРАД, 913-А","(('37.192328'), ('55.984955'))"
"121353, г. Москва, улица Беловежская, д. 67","(('37.39744'), ('55.708415'))"
"111675, ГОРОД МОСКВА, УЛИЦА ТАТЬЯНЫ МАКАРОВОЙ, ДОМ 2","(('37.88704'), ('55.710469'))"
"127642, ГОРОД МОСКВА, УЛИЦА СУХОНСКАЯ, ДОМ 13","(('37.652409'), ('55.878667'))"
"121467, ГОРОД МОСКВА, УЛИЦА ЕЛЬНИНСКАЯ, ДОМ 10, СТРОЕНИЕ 2","(('37.427812'), ('55.737167'))"
"117042, ГОРОД МОСКВА, УЛИЦА ПОЛЯНЫ, ДОМ 53","(('37.547198'), ('55.54947'))"
"109559, ГОРОД МОСКВА, УЛИЦА БЕЛОРЕЧЕНСКАЯ, 19, 2","(('37.767591'), ('55.672001'))"
"108811, ГОРОД МОСКВА, ПОСЕЛЕНИЕ МОСКОВСКИЙ, ГОРОД МОСКОВСКИЙ, УЛИЦА АТЛАСОВА, Д. 7, КОРП. 3","(('37.360295'), ('55.600781'))"
"124683, ГОРОД МОСКВА, ГОРОД ЗЕЛЕНОГРАД, КОРПУС 1556","(('37.1537'), ('55.979903'))"
"124489, ГОРОД МОСКВА, ГОРОД ЗЕЛЕНОГРАД, КОРПУС 603А","(('37.228314'), ('55.991531'))"
"111395, г. Москва, ул. Молдагуловой, д 6А","(('37.809192'), ('55.726837'))"
"115304, г. Москва, ул. Ереванская, д. 19","(('37.67528'), ('55.629816'))"
"117624, ГОРОД МОСКВА, УЛИЦА СКОБЕЛЕВСКАЯ, 28","(('37.553756'), ('55.544805'))"
"125413, ГОРОД МОСКВА, ПРОЕЗД СОЛНЕЧНОГОРСКИЙ, 7","(('37.523034'), ('55.859029'))"
"125252, ГОРОД МОСКВА, УЛИЦА САЛЬВАДОРА АЛЬЕНДЕ, ДОМ 9","(('37.506792'), ('55.794148'))"
"121357, ГОРОД МОСКВА, УЛИЦА КРЕМЕНЧУГСКАЯ, 13","(('37.464392'), ('55.718162'))"
"124365, ГОРОД МОСКВА, ГОРОД ЗЕЛЕНОГРАД, КОРПУС 1609","(('37.153332'), ('55.975536'))"
"105173, ГОРОД МОСКВА, УЛИЦА ГЛАВНАЯ, ДОМ 13","(('37.866585'), ('55.81955'))"
"109518, г. Москва, Саратовская ул., д. 19, стр. 1","(('37.737156'), ('55.715783'))"
"125581, ГОРОД МОСКВА, УЛИЦА ФЛОТСКАЯ, 11","(('37.502732'), ('55.855138'))"
"111674, ГОРОД МОСКВА, УЛИЦА ЛИПЧАНСКОГО, ДОМ 6А","(('37.938181'), ('55.703718'))"
"111555, ГОРОД МОСКВА, УЛИЦА СТАЛЕВАРОВ, 10А","(('37.838001'), ('55.76209'))"
"109431, ГОРОД МОСКВА, УЛИЦА АВИАКОНСТРУКТОРА МИЛЯ, 18, 2","(('37.855383'), ('55.680493'))"
"117452, ГОРОД МОСКВА, БУЛЬВАР ЧОНГАРСКИЙ, ДОМ 17","(('37.608302'), ('55.652075'))"
"105484, ГОРОД МОСКВА, БУЛЬВАР СИРЕНЕВЫЙ, 58 А","(('37.824167'), ('55.801293'))"
"125040, ГОРОД МОСКВА, УЛИЦА СКАКОВАЯ, ДОМ 20, СТРОЕНИЕ 1","(('37.568839'), ('55.780016'))"
"117461, Г. МОСКВА, УЛ. КАХОВКА, Д. 19, К. 2","(('37.577148'), ('55.652288'))"
"119331, ГОРОД МОСКВА, УЛИЦА КРУПСКОЙ, ДОМ 9","(('37.526447'), ('55.681915'))"
"117513, ГОРОД МОСКВА, ПРОСПЕКТ ЛЕНИНСКИЙ, 125, 4","(('37.482223'), ('55.644094'))"
"117246, ГОРОД МОСКВА, УЛИЦА ХЕРСОНСКАЯ, ДОМ 27А","(('37.559712'), ('55.65209'))"
"119146, ГОРОД МОСКВА, УЛИЦА 2-Я ФРУНЗЕНСКАЯ, ДОМ 7А","(('37.579511'), ('55.722238'))"
"115470, ГОРОД МОСКВА, УЛИЦА СУДОСТРОИТЕЛЬНАЯ, ДОМ 10, КОРПУС 1","(('37.671929'), ('55.67925'))"
"129347, ГОРОД МОСКВА, ШОССЕ ЯРОСЛАВСКОЕ, ДОМ 147","(('37.72051'), ('55.88101'))"
"117133, ГОРОД МОСКВА, УЛИЦА АКАДЕМИКА ВАРГИ, 34","(('37.477606'), ('55.633297'))"
"115211, ГОРОД МОСКВА, УЛИЦА БОРИСОВСКИЕ ПРУДЫ, 12, 3","(('37.742196'), ('55.634573'))"
"105082, ГОРОД МОСКВА, ПЕРЕУЛОК ПЕРЕВЕДЕНОВСКИЙ, ДОМ 11","(('37.686671'), ('55.778947'))"
"129347, ГОРОД МОСКВА, УЛИЦА ПРОХОДЧИКОВ, 9","(('37.71936'), ('55.874415'))"
"117042, ГОРОД МОСКВА, УЛИЦА БАРТЕНЕВСКАЯ, 27","(('37.530076'), ('55.549322'))"
"115563, ГОРОД МОСКВА, ПРОЕЗД БОРИСОВСКИЙ, 13","(('37.723304'), ('55.627066'))"
"107392, ГОРОД МОСКВА, УЛИЦА ЗНАМЕНСКАЯ, 12/4","(('37.72051'), ('55.801708'))"
"125239, ГОРОД МОСКВА, УЛИЦА МИХАЛКОВСКАЯ, ДОМ 13А","(('37.527229'), ('55.83846'))"
"121069, ГОРОД МОСКВА, УЛИЦА БОЛЬШАЯ МОЛЧАНОВКА, 26-28","(('37.590201'), ('55.753499'))"
"129323, ГОРОД МОСКВА, УЛИЦА СЕДОВА, 4, 1","(('37.642186'), ('55.852854'))"
"125124, ГОРОД МОСКВА, УЛИЦА 5-Я ЯМСКОГО ПОЛЯ, ДОМ 28","(('37.577013'), ('55.789203'))"
"109443, ГОРОД МОСКВА, УЛИЦА ЗЕЛЕНОДОЛЬСКАЯ, 33, 3","(('37.771211'), ('55.707765'))"
"109651, ГОРОД МОСКВА, БУЛЬВАР НОВОЧЕРКАССКИЙ, ДОМ 19","(('37.722496'), ('55.649053'))"
"109386, ГОРОД МОСКВА, УЛИЦА СТАВРОПОЛЬСКАЯ, 20","(('37.751987'), ('55.67926'))"
"125284, ГОРОД МОСКВА, УЛИЦА БЕГОВАЯ, 19","(('37.55982'), ('55.782365'))"
"125362, г. Москва, ул. Вишнёвая, д. 20, корп. 1","(('37.448671'), ('55.833819'))"
"111672, ГОРОД МОСКВА, УЛИЦА САЛТЫКОВСКАЯ, ДОМ 13 Б","(('37.863369'), ('55.737801'))"
"117209, ГОРОД МОСКВА, УЛИЦА ПЕРЕКОПСКАЯ, ДОМ 7, КОРПУС 3","(('37.580265'), ('55.656941'))"
"г. Москва, 107076, ул. Олений Вал, д.22","(('37.693543'), ('55.80016'))"
"109156, ГОРОД МОСКВА, УЛИЦА МАРШАЛА ПОЛУБОЯРОВА, 22","(('37.860019'), ('55.682595'))"
"107258, ГОРОД МОСКВА, УЛИЦА 3-Я ГРАЖДАНСКАЯ, 64","(('37.711779'), ('55.808472'))"
"115054, ГОРОД МОСКВА, УЛИЦА ДУБИНИНСКАЯ, ДОМ 42","(('37.635072'), ('55.724489'))"
"129110, ГОРОД МОСКВА, УЛИЦА БОЛЬШАЯ ПЕРЕЯСЛАВСКАЯ, 1, СТРОЕНИЕ 1","(('37.642653'), ('55.780198'))"
"119633, г. Москва, ул. Приречная, д.1","(('37.371335'), ('55.64162'))"
"115446, ГОРОД МОСКВА, УЛИЦА САДОВНИКИ, 12","(('37.653756'), ('55.668635'))"
"123103, ГОРОД МОСКВА, УЛИЦА ЖИВОПИСНАЯ, 11, 1","(('37.453163'), ('55.785078'))"
"123056, ГОРОД МОСКВА, УЛИЦА ЗООЛОГИЧЕСКАЯ, 28, СТРОЕНИЕ 1","(('37.58446'), ('55.766354'))"
"121170, ГОРОД МОСКВА, ПРОЕЗД КУТУЗОВСКИЙ, 10, СТР.1","(('37.523366'), ('55.741409'))"
"117556, ГОРОД МОСКВА, ШОССЕ ВАРШАВСКОЕ, ДОМ 67","(('37.621579'), ('55.663918'))"
"115533, ГОРОД МОСКВА, НАБЕРЕЖНАЯ НАГАТИНСКАЯ, ДОМ 24","(('37.656595'), ('55.681087'))"
"119602, г. Москва, ул. Академика Анохина д. 48","(('37.469665'), ('55.653309'))"
"127206, ГОРОД МОСКВА, УЛ. ВУЧЕТИЧА, Д. 30, СТР. 5","(('37.560493'), ('55.815959'))"
"129515, г. Москва, Останкинская 1-я ул., д. 29","(('37.624525'), ('55.824733'))"
"127543, ГОРОД МОСКВА, УЛИЦА БЕЛОЗЕРСКАЯ, 12","(('37.616207'), ('55.895666'))"
"124527, ГОРОД МОСКВА, ГОРОД ЗЕЛЕНОГРАД, 817","(('37.190765'), ('55.976307'))"
"108819, ГОРОД МОСКВА, ПОСЕЛЕНИЕ МОСКОВСКИЙ, ГОРОД МОСКОВСКИЙ, МИКРОРАЙОН 3-Й, ДОМ 8","(('37.346802'), ('55.595511'))"
"127560, ГОРОД МОСКВА, УЛИЦА КОНЁНКОВА, ДОМ 8А","(('37.610206'), ('55.889654'))"
"119311, ГОРОД МОСКВА, УЛИЦА КРУПСКОЙ, ДОМ 12","(('37.526825'), ('55.685056'))"
"109559, ГОРОД МОСКВА, УЛИЦА БЕЛОРЕЧЕНСКАЯ, 11","(('37.769675'), ('55.672062'))"
"111123, ГОРОД МОСКВА, УЛИЦА 3-Я ВЛАДИМИРСКАЯ, 5","(('37.786824'), ('55.762282'))"
"117593, ГОРОД МОСКВА, БУЛЬВАР ЛИТОВСКИЙ, 11, 6","(('37.544494'), ('55.612594'))"
"125080, ГОРОД МОСКВА, УЛИЦА ДУБОСЕКОВСКАЯ, ДОМ 3","(('37.496524'), ('55.809975'))"
"117556, ГОРОД МОСКВА, УЛИЦА ФРУКТОВАЯ, ДОМ 9","(('37.612308'), ('55.658444'))"
"125171, г. Москва, ул. Зои и Александра Космодемьянских, д. 4А","(('37.504861'), ('55.817426'))"
"127474, ГОРОД МОСКВА, БУЛЬВАР БЕСКУДНИКОВСКИЙ, 29","(('37.552804'), ('55.870804'))"
"119620, ГОРОД МОСКВА, ПРОСПЕКТ СОЛНЦЕВСКИЙ, 12А","(('37.4023'), ('55.652888'))"
"115573, ГОРОД МОСКВА, ПРОЕЗД ОРЕХОВЫЙ, 17, 2","(('37.734084'), ('55.623697'))"
"125171, г. Москва, улица 3-я Радиаторская, дом 8 А","(('37.493272'), ('55.817502'))"
"129626, ГОРОД МОСКВА, УЛИЦА СТАРОАЛЕКСЕЕВСКАЯ, 1","(('37.641845'), ('55.810324'))"
"125319, ГОРОД МОСКВА, УЛИЦА УСИЕВИЧА, 6","(('37.531801'), ('55.80488'))"
"115682, ГОРОД МОСКВА, ПРОЕЗД ЗАДОНСКИЙ, ДОМ 34, КОРПУС 3","(('37.754979'), ('55.620337'))"
"125008, ГОРОД МОСКВА, УЛИЦА МИХАЛКОВСКАЯ, 3","(('37.535475'), ('55.836893'))"
"111675, ГОРОД МОСКВА, УЛИЦА МЕДВЕДЕВА, 6","(('37.883671'), ('55.717366'))"
"123060, ГОРОД МОСКВА, УЛИЦА МАРШАЛА КОНЕВА, 10","(('37.488404'), ('55.797194'))"
"125319, ГОРОД МОСКВА, УЛИЦА 8 МАРТА, ДОМ 17","(('37.548285'), ('55.805938'))"
"121609, ГОРОД МОСКВА, БУЛЬВАР ОСЕННИЙ, 10, 3","(('37.41273'), ('55.757541'))"
"119602, ГОРОД МОСКВА, УЛИЦА АКАДЕМИКА АНОХИНА, ДОМ 32","(('37.465811'), ('55.661988'))"
"115035, ГОРОД МОСКВА, НАБЕРЕЖНАЯ САДОВНИЧЕСКАЯ, 37","(('37.63721'), ('55.743634'))"
"117449, ГОРОД МОСКВА, УЛИЦА ШВЕРНИКА, ДОМ 17, КОРПУС 2","(('37.593012'), ('55.691963'))"
"115088, ГОРОД МОСКВА, УЛИЦА 1-Я ДУБРОВСКАЯ, ДОМ 16","(('37.671615'), ('55.72343'))"
"129346, ГОРОД МОСКВА, ПРОЕЗД ЯНТАРНЫЙ, 2","(('37.691441'), ('55.873233'))"
"105118, ГОРОД МОСКВА, ПРОСПЕКТ БУДЁННОГО, 15А","(('37.725056'), ('55.77551'))"
"115563, ГОРОД МОСКВА, ПРОЕЗД БОРИСОВСКИЙ, 40, 2","(('37.72573'), ('55.616163'))"
"109559, г. Москва, ул. Белореченская, д. 8","(('37.764285'), ('55.672534'))"
"125130, ГОРОД МОСКВА, УЛИЦА ЗОИ И АЛЕКСАНДРА КОСМОДЕМЬЯНСКИХ, ДОМ 3, КОРПУС 1","(('37.504331'), ('55.821386'))"
"119021, ГОРОД МОСКВА, БУЛЬВАР ЗУБОВСКИЙ, ДОМ 5, СТРОЕНИЕ 1","(('37.592599'), ('55.734831'))"
"127591, ГОРОД МОСКВА, УЛИЦА ДУБНИНСКАЯ, 46, 2","(('37.560763'), ('55.891451'))"
"115142, ГОРОД МОСКВА, НАБЕРЕЖНАЯ КОЛОМЕНСКАЯ, ДОМ 20","(('37.695429'), ('55.675971'))"
"125368, г. Москва, 3-й Митинский пер., д. 12, корп. 1","(('37.3523'), ('55.846249'))"
"117041, ГОРОД МОСКВА, УЛИЦА АДМИРАЛА ЛАЗАРЕВА, 62, 2","(('37.507789'), ('55.540491'))"
"127562 г. Москва, ул. Санникова, д. 3 корп. 3","(('37.592932'), ('55.859499'))"
"125502, ГОРОД МОСКВА, УЛИЦА ФЕСТИВАЛЬНАЯ, ДОМ 69","(('37.503064'), ('55.862196'))"
"115573, ГОРОД МОСКВА, УЛИЦА МУСЫ ДЖАЛИЛЯ, 36, 2","(('37.738827'), ('55.617159'))"
"119415, город Москва, Проспект Вернадского, д. 55","(('37.504483'), ('55.672808'))"
"117105, ГОРОД МОСКВА, ШОССЕ ВАРШАВСКОЕ, ДОМ 12","(('37.619665'), ('55.697199'))"
"109649, ГОРОД МОСКВА, УЛИЦА 5 КВАРТАЛ КАПОТНИ, 29","(('37.796768'), ('55.629928'))"
"115372, ГОРОД МОСКВА, УЛИЦА ЛЕБЕДЯНСКАЯ, 16","(('37.674561'), ('55.584975'))"
"123100, ГОРОД МОСКВА, УЛИЦА ЧЕРНОГРЯЗСКАЯ 2-Я, ДОМ 7, СТРОЕН 1","(('37.546938'), ('55.762829'))"
"119526, ГОРОД МОСКВА, ПРОСПЕКТ ВЕРНАДСКОГО, 101, 5","(('37.49162'), ('55.664299'))"
"117321, ГОРОД МОСКВА, УЛИЦА ПРОФСОЮЗНАЯ, 132, 9","(('37.507304'), ('55.630873'))"
"125212, ГОРОД МОСКВА, ШОССЕ ЛЕНИНГРАДСКОЕ, 54","(('37.484415'), ('55.837808'))"
"111558, ГОРОД МОСКВА, ПРОСПЕКТ ЗЕЛЁНЫЙ, 75, СТРОЕНИЕ 1","(('37.813243'), ('55.753129'))"
"129626, ГОРОД МОСКВА, УЛИЦА ПАВЛА КОРЧАГИНА, ДОМ 18","(('37.662803'), ('55.818012'))"
"111394, ГОРОД МОСКВА, УЛИЦА УТРЕННЯЯ, ДОМ 12","(('37.792762'), ('55.747475'))"
"127543, ГОРОД МОСКВА, УЛИЦА БЕЛОЗЕРСКАЯ, ДОМ 15","(('37.617554'), ('55.896852'))"
"125130, ГОРОД МОСКВА, ПЕРЕУЛОК 4-Й НОВОПОДМОСКОВНЫЙ, ДОМ 2А","(('37.504196'), ('55.822084'))"
"127247, ГОРОД МОСКВА, БУЛЬВАР БЕСКУДНИКОВСКИЙ, ДОМ 50А","(('37.539688'), ('55.875395'))"
"121614, ГОРОД МОСКВА, УЛИЦА КРЫЛАТСКИЕ ХОЛМЫ, ДОМ 28, КОРПУС 1","(('37.41467'), ('55.764653'))"
"129281, ГОРОД МОСКВА, УЛИЦА ЕНИСЕЙСКАЯ, 32, 3","(('37.670824'), ('55.872592'))"
"127411, ГОРОД МОСКВА, ШОССЕ ДМИТРОВСКОЕ, ДОМ 137А","(('37.540012'), ('55.892314'))"
"108828, ГОРОД МОСКВА, ПОСЕЛЕНИЕ КРАСНОПАХОРСКОЕ, СЕЛО КРАСНАЯ ПАХРА, ДОМ 23","(('37.268244'), ('55.426355'))"
"127576, ГОРОД МОСКВА, УЛИЦА УГЛИЧСКАЯ, 6А","(('37.570159'), ('55.894641'))"
"109144, город Москва, улица Ташкентская, дом 21, корпус 2","(('37.814851'), ('55.701014'))"
"107061, ГОРОД МОСКВА, УЛИЦА 2-Я ПУГАЧЕВСКАЯ, 6А","(('37.728595'), ('55.795605'))"
"117292, ГОРОД МОСКВА, УЛИЦА ГРИМАУ, 8","(('37.579744'), ('55.690654'))"
"115582, ГОРОД МОСКВА, УЛИЦА ДОМОДЕДОВСКАЯ, 24, 7","(('37.709236'), ('55.605465'))"
"125310, ГОРОД МОСКВА, ШОССЕ ПЯТНИЦКОЕ, ДОМ 45, КОРПУС 2","(('37.346829'), ('55.856497'))"
"123181, ГОРОД МОСКВА, УЛИЦА МАРШАЛА КАТУКОВА, 21, 2","(('37.412496'), ('55.80739'))"
"108852, город Москва, Щербинка, улица Авиаторов, дом 9","(('37.531118'), ('55.514773'))"
"107589, ГОРОД МОСКВА, УЛИЦА ХАБАРОВСКАЯ, 4А","(('37.831767'), ('55.816525'))"
"129345, ГОРОД МОСКВА, УЛИЦА ТАЙНИНСКАЯ, 15, 3","(('37.683266'), ('55.884827'))"
"129336, ГОРОД МОСКВА, УЛИЦА СТАРТОВАЯ, 27, 3","(('37.693561'), ('55.884191'))"
"109052, ГОРОД МОСКВА, УЛИЦА НИЖЕГОРОДСКАЯ, ДОМ 64","(('37.706344'), ('55.732803'))"
"121069, ГОРОД МОСКВА, ПЕРЕУЛОК СТОЛОВЫЙ, 10/2, СТР.1","(('37.594755'), ('55.756761'))"
"117418, г. Москва, ул. Новочеремушкинская, д. 56, корп. 2","(('37.563763'), ('55.669315'))"
"119311, ГОРОД МОСКВА, УЛИЦА СТРОИТЕЛЕЙ, 15","(('37.529654'), ('55.686985'))"
"117279, ГОРОД МОСКВА, УЛИЦА ГЕНЕРАЛА АНТОНОВА, ДОМ 4А","(('37.534029'), ('55.643449'))"
"111524, ГОРОД МОСКВА, УЛИЦА ПЛЮЩЕВА, ДОМ 11А","(('37.762668'), ('55.7426'))"
"119361, ГОРОД МОСКВА, УЛИЦА БОЛЬШАЯ ОЧАКОВСКАЯ, 42, 2","(('37.446021'), ('55.677473'))"
"125363, ГОРОД МОСКВА, УЛИЦА АЭРОДРОМНАЯ, ДОМ 9","(('37.430148'), ('55.846745'))"
"117042, ГОРОД МОСКВА, ПРОЕЗД ЧЕЧЁРСКИЙ, 56","(('37.528774'), ('55.532487'))"
"115093, город Москва, 1-ый Павловский переулок, дом 7","(('37.632179'), ('55.716534'))"
"115612, ГОРОД МОСКВА, УЛИЦА КЛЮЧЕВАЯ, ДОМ 6, КОРПУС 2","(('37.755715'), ('55.636961'))"
"127549, ГОРОД МОСКВА, УЛИЦА КОСТРОМСКАЯ, ДОМ 14, КОРПУС 1","(('37.594414'), ('55.883994'))"
"127081, ГОРОД МОСКВА, УЛИЦА ЗАПОВЕДНАЯ, ДОМ 12","(('37.635386'), ('55.867056'))"
"125368, ГОРОД МОСКВА, УЛИЦА БАРЫШИХА, 17, 1","(('37.349183'), ('55.842378'))"
"127495, ГОРОД МОСКВА, ШОССЕ ДМИТРОВСКОЕ, ДОМ 165Е, КОРПУС 8","(('37.542671'), ('55.926993'))"
"111250, ГОРОД МОСКВА, УЛИЦА КРАСНОКАЗАРМЕННАЯ, 11","(('37.701026'), ('55.757394'))"
"127349, ГОРОД МОСКВА, ПРОЕЗД ШЕНКУРСКИЙ, ДОМ 15","(('37.589832'), ('55.896257'))"
"119421, ГОРОД МОСКВА, ПРОСПЕКТ ЛЕНИНСКИЙ, ДОМ 97, КОРПУС 2","(('37.525163'), ('55.671366'))"
"117216, ГОРОД МОСКВА, УЛИЦА ГРИНА, 18, 3 СТРОЕНИЕ 1","(('37.582367'), ('55.565768'))"
"105120, ГОРОД МОСКВА, ПЕРЕУЛОК БОЛЬШОЙ ПОЛУЯРОСЛАВСКИЙ, ДОМ 7","(('37.663252'), ('55.752612'))"
"117519, ГОРОД МОСКВА, УЛИЦА ЧЕРТАНОВСКАЯ, ДОМ 27","(('37.594306'), ('55.616869'))"
"117545, ГОРОД МОСКВА, УЛИЦА ПОДОЛЬСКИХ КУРСАНТОВ, ДОМ 16А","(('37.619827'), ('55.605673'))"
"125424, Г. МОСКВА, Ш. ВОЛОКОЛАМСКОЕ, Д. 71, СТР. 3","(('37.42969'), ('55.819848'))"
"117437, ГОРОД МОСКВА, УЛИЦА ПРОФСОЮЗНАЯ, 118Б","(('37.516656'), ('55.637642'))"
"117041, ГОРОД МОСКВА, УЛИЦА АКАДЕМИКА ПОНТРЯГИНА, ДОМ 17, КОРПУС 1","(('37.502822'), ('55.533562'))"
"127422, ГОРОД МОСКВА, УЛИЦА ТИМИРЯЗЕВСКАЯ, 14А","(('37.568938'), ('55.813334'))"
"109548, ГОРОД МОСКВА, УЛИЦА ГУРЬЯНОВА, ДОМ 6, КОРПУС 2","(('37.719989'), ('55.690872'))"
"109147, ГОРОД МОСКВА, ПЕРЕУЛОК БРОШЕВСКИЙ, ДОМ 21","(('37.672603'), ('55.73513'))"
"115432, ГОРОД МОСКВА, ПРОЕЗД 2-Й ЮЖНОПОРТОВЫЙ, ДОМ 11, СТРОЕНИЕ 1","(('37.682871'), ('55.700207'))"
"123098, ГОРОД МОСКВА, УЛИЦА МАРШАЛА НОВИКОВА, 13","(('37.463152'), ('55.803074'))"
"124498, ГОРОД МОСКВА, ГОРОД ЗЕЛЕНОГРАД, КОРПУС 429А","(('37.207653'), ('55.993882'))"
"115580, ГОРОД МОСКВА, УЛИЦА ШИПИЛОВСКАЯ, 59, 2","(('37.749661'), ('55.624576'))"
"117463, ГОРОД МОСКВА, ПРОСПЕКТ НОВОЯСЕНЕВСКИЙ, 38, 2","(('37.543614'), ('55.601833'))"
"119331, ГОРОД МОСКВА, УЛИЦА КРУПСКОЙ, ДОМ 17","(('37.524022'), ('55.68326'))"
"109451, ГОРОД МОСКВА, БУЛЬВАР ПЕРЕРВИНСКИЙ, ДОМ 10, КОРПУС 2","(('37.763486'), ('55.659805'))"
"111672, ГОРОД МОСКВА, УЛИЦА НОВОКОСИНСКАЯ, ДОМ 40А","(('37.87211'), ('55.74186'))"
"119634, г. Москва, улица Чоботовская, дом 19","(('37.345625'), ('55.645207'))"
"115409, ГОРОД МОСКВА, ПРОСПЕКТ ПРОЛЕТАРСКИЙ, ДОМ 7, КОРПУС 3","(('37.659191'), ('55.646472'))"
"125057, ГОРОД МОСКВА, ПЕРЕУЛОК ЧАПАЕВСКИЙ, ДОМ 6, СТРОЕНИЕ 2","(('37.518147'), ('55.801045'))"
"121601, ГОРОД МОСКВА, БУЛЬВАР ФИЛЁВСКИЙ, ДОМ 3, КОРПУС 2","(('37.491359'), ('55.76443'))"
"123022, ГОРОД МОСКВА, ПЕРЕУЛОК ТРЕХГОРНЫЙ Б., 3","(('37.56379'), ('55.760074'))"
"129085, ГОРОД МОСКВА, УЛИЦА ГОДОВИКОВА, 4, СТР.3","(('37.633068'), ('55.803702'))"
"119002, ГОРОД МОСКВА, ПЕРЕУЛОК СПАСОПЕСКОВСКИЙ, 6, СТР.7","(('37.589033'), ('55.749866'))"
"119421, ГОРОД МОСКВА, ПРОСПЕКТ ЛЕНИНСКИЙ, ДОМ 97, КОРПУС 1","(('37.523797'), ('55.671493'))"
"105043, ГОРОД МОСКВА, УЛИЦА ПЕРВОМАЙСКАЯ, 59, СТР.1","(('37.793642'), ('55.794502'))"
"109387, ГОРОД МОСКВА, УЛИЦА КРАСНОДОНСКАЯ, ДОМ 2, КОРПУС 4","(('37.75108'), ('55.686335'))"
"127055, ГОРОД МОСКВА, ПЕРЕУЛОК ТИХВИНСКИЙ, ДОМ 3","(('37.59577'), ('55.787705'))"
"108800, ГОРОД МОСКВА, ПОСЕЛЕНИЕ КИЕВСКИЙ, РАБОЧИЙ ПОСЕЛОК КИЕВСКИЙ, ДОМ 7А","(('36.870983'), ('55.430242'))"
"105064, ГОРОД МОСКВА, ПЕРЕУЛОК БОЛЬШОЙ КАЗЁННЫЙ, ДОМ 9","(('37.655652'), ('55.760352'))"
"125480, г. Москва, ул. Героев Панфиловцев, д. 15","(('37.426869'), ('55.856694'))"
"107014, ГОРОД МОСКВА, УЛИЦА ЕГЕРСКАЯ, ДОМ 4","(('37.684685'), ('55.793358'))"
"111555, ГОРОД МОСКВА, УЛИЦА МОЛОСТОВЫХ, 10А","(('37.830213'), ('55.760287'))"
"105043, ГОРОД МОСКВА, УЛИЦА НИЖНЯЯ ПЕРВОМАЙСКАЯ, ДОМ 14","(('37.796481'), ('55.790712'))"
"109388, ГОРОД МОСКВА, УЛИЦА ПОЛБИНА, ДОМ 44","(('37.727023'), ('55.680265'))"
"108850, ГОРОД МОСКВА, ПОСЕЛЕНИЕ ВНУКОВСКОЕ, УЛИЦА АВИАКОНСТРУКТОРА ПЕТЛЯКОВА, ДОМ 17","(('37.309217'), ('55.622045'))"
"108823, ГОРОД МОСКВА, ПОСЕЛЕНИЕ РЯЗАНОВСКОЕ, ПОСЕЛОК ЗНАМЯ ОКТЯБРЯ, МИКРОРАЙОН РОДНИКИ, ДОМ 11","(('37.541'), ('55.46926'))"
"117186, ГОРОД МОСКВА, ПРОСПЕКТ СЕВАСТОПОЛЬСКИЙ, ДОМ 43А","(('37.590057'), ('55.67157'))"
"127273, г. Москва, ул. Отрадная, дом 1 А","(('37.604987'), ('55.860453'))"
"125373, г. Москва, ул. Героев Панфиловцев, д. 35, корп. 2","(('37.413331'), ('55.855052'))"
"111399, ГОРОД МОСКВА, ПРОСПЕКТ ФЕДЕРАТИВНЫЙ, 1-А","(('37.797047'), ('55.758504'))"
"107078, ГОРОД МОСКВА, ПЕРЕУЛОК МАЛЫЙ КОЗЛОВСКИЙ, 3","(('37.649256'), ('55.764951'))"
"105187, ГОРОД МОСКВА, УЛИЦА ЛЕЧЕБНАЯ, 20","(('37.740812'), ('55.78978'))"
"127253, ГОРОД МОСКВА, УЛИЦА ПСКОВСКАЯ, 11","(('37.552957'), ('55.906628'))"
"111674, ГОРОД МОСКВА, УЛИЦА 1-Я ВОЛЬСКАЯ, ДОМ 22, КОРПУС 2","(('37.92644'), ('55.682503'))"
"111401, ГОРОД МОСКВА, УЛИЦА 3-Я ВЛАДИМИРСКАЯ, 26А","(('37.786321'), ('55.755023'))"
"115191, ГОРОД МОСКВА, УЛИЦА МАЛАЯ ТУЛЬСКАЯ, ДОМ 15","(('37.61971'), ('55.708917'))"
"127055, ГОРОД МОСКВА, УЛИЦА НОВОСЛОБОДСКАЯ, ДОМ 57, СТРОЕНИЕ 1","(('37.592213'), ('55.78692'))"
"115597, ГОРОД МОСКВА, УЛИЦА ВОРОНЕЖСКАЯ, 46, 3","(('37.753847'), ('55.608811'))"
"117465, ГОРОД МОСКВА, УЛИЦА ТЁПЛЫЙ СТАН, ДОМ 13, КОРПУС 3","(('37.491988'), ('55.622466'))"
"123100, ГОРОД МОСКВА, УЛИЦА 2-Я ЗВЕНИГОРОДСКАЯ, ДОМ 8","(('37.555723'), ('55.75941'))"
"125252, ГОРОД МОСКВА, УЛИЦА НОВОПЕСЧАНАЯ, ДОМ 15","(('37.515461'), ('55.798272'))"
"121357, ГОРОД МОСКВА, УЛИЦА ИНИЦИАТИВНАЯ, ДОМ 1","(('37.461095'), ('55.716595'))"
"117593, ГОРОД МОСКВА, БУЛЬВАР ЛИТОВСКИЙ, 3, 3","(('37.5334'), ('55.614953'))"
"109029, ГОРОД МОСКВА, УЛИЦА СРЕДНЯЯ КАЛИТНИКОВСКАЯ, 9/11, СТР.1","(('37.681245'), ('55.736757'))"
"109029, ГОРОД МОСКВА, УЛИЦА СРЕДНЯЯ КАЛИТНИКОВСКАЯ, 22, СТР.1","(('37.684632'), ('55.735332'))"
"119285, ГОРОД МОСКВА, УЛИЦА ПЫРЬЕВА, 11","(('37.523231'), ('55.727764'))"
"115580, ГОРОД МОСКВА, УЛИЦА МУСЫ ДЖАЛИЛЯ, ДОМ 25","(('37.746597'), ('55.619605'))"
"117574, ГОРОД МОСКВА, УЛИЦА ГОЛУБИНСКАЯ, ДОМ 5, КОРПУС 3","(('37.5175'), ('55.605541'))"
"109443, ГОРОД МОСКВА, БУЛЬВАР ЕСЕНИНСКИЙ, ДОМ 14, КОРПУС 2","(('37.774813'), ('55.700547'))"
"119421, ГОРОД МОСКВА, УЛИЦА ОБРУЧЕВА, 28А","(('37.511984'), ('55.657362'))"
"111555, ГОРОД МОСКВА, УЛИЦА МОЛОСТОВЫХ, 6А","(('37.826898'), ('55.763179'))"
"127549, ГОРОД МОСКВА, УЛИЦА МУРАНОВСКАЯ, 4 А","(('37.601654'), ('55.890886'))"
"117208, ГОРОД МОСКВА, УЛИЦА ЧЕРТАНОВСКАЯ, ДОМ 1А, КОРПУС 3","(('37.608966'), ('55.638206'))"
"111674, г. Москва, улица Покровская, дом 35","(('37.919011'), ('55.705721'))"
"117587, ГОРОД МОСКВА, УЛИЦА КИРОВОГРАДСКАЯ, 8Г","(('37.60673'), ('55.627981'))"
"115569, г. Москва, улица Маршала Захарова, дом 25, корпус 2","(('37.701403'), ('55.6193'))"
"117574, ГОРОД МОСКВА, УЛИЦА ВИЛЬНЮССКАЯ, 14","(('37.517275'), ('55.597948'))"
"115598, ГОРОД МОСКВА, ПРОЕЗД ЗАГОРЬЕВСКИЙ, ДОМ 13","(('37.680077'), ('55.577989'))"
"119602, город Москва, улица Никулинская, д. 5","(('37.455552'), ('55.666442'))"
"117452, ГОРОД МОСКВА, УЛИЦА АЗОВСКАЯ, ДОМ 41","(('37.595483'), ('55.643866'))"
"105005, ГОРОД МОСКВА, ПЕРЕУЛОК ГОСПИТАЛЬНЫЙ, 3","(('37.687506'), ('55.770993'))"
"123458, ГОРОД МОСКВА, УЛИЦА ТВАРДОВСКОГО, ДОМ 12А","(('37.398779'), ('55.793875'))"
"117292, ГОРОД МОСКВА, УЛИЦА ДМИТРИЯ УЛЬЯНОВА, 15, 1","(('37.571579'), ('55.690085'))"
"119296, ГОРОД МОСКВА, ПРОСПЕКТ УНИВЕРСИТЕТСКИЙ, 5","(('37.551376'), ('55.695824'))"
"127224, ГОРОД МОСКВА, УЛИЦА ШИРОКАЯ, 21А","(('37.670932'), ('55.889285'))"
"121059, г. Москва, ул. Брянская, д. 10","(('37.559892'), ('55.745205'))"
"108851, ГОРОД МОСКВА, ГОРОД ЩЕРБИНКА, УЛИЦА 40 ЛЕТ ОКТЯБРЯ, ДОМ 8","(('37.569288'), ('55.51067'))"
"111538, ГОРОД МОСКВА, УЛИЦА КОСИНСКАЯ, 24А","(('37.829557'), ('55.718456'))"
"105203, г. Москва, улица Первомайская, дом 111","(('37.814726'), ('55.793915'))"
"107207, ГОРОД МОСКВА, ШОССЕ ЩЁЛКОВСКОЕ, 77А","(('37.804036'), ('55.813319'))"
"105005, ГОРОД МОСКВА, ТУПИК КОНДРАШЕВСКИЙ, ДОМ 3А","(('37.688018'), ('55.768213'))"
"111024, г. Москва, ул. Авиамоторная, д. 42","(('37.720331'), ('55.740669'))"
